filename,date_str,date_only,time_only,hour,file_date_str,file_path,エントランス_visitors,エントランス_likes,メインロビー_visitors,メインロビー_likes,研究成果・技術内容_visitors,研究成果・技術内容_likes,CSAP_visitors,CSAP_likes,地域貢献・展開_visitors,地域貢献・展開_likes,ものづくり教育_visitors,ものづくり教育_likes
IPTeCA_20251126_144534_JST.html,2025-11-26 14:45:34,2025-11-26,14:45:34,14,2026-01-30 18:33:33,html/IPTeCA_20251126_144534_JST.html,282,3,246,4,148,4,57,1,62,1,98,1
IPTeCA_20251126_180637_JST.html,2025-11-26 18:06:37,2025-11-26,18:06:37,18,2026-01-30 18:33:33,html/IPTeCA_20251126_180637_JST.html,282,3,246,4,148,4,57,1,62,1,98,1
IPTeCA_20251127_060454_JST.html,2025-11-27 06:04:54,2025-11-27,06:04:54,6,2026-01-30 18:33:33,html/IPTeCA_20251127_060454_JST.html,282,3,247,4,149,4,58,1,63,1,99,1
IPTeCA_20251127_130911_JST.html,2025-11-27 13:09:11,2025-11-27,13:09:11,13,2026-01-30 18:33:33,html/IPTeCA_20251127_130911_JST.html,282,3,248,4,149,4,59,1,64,1,99,1
IPTeCA_20251127_180611_JST.html,2025-11-27 18:06:11,2025-11-27,18:06:11,18,2026-01-30 18:33:33,html/IPTeCA_20251127_180611_JST.html,286,3,253,4,149,4,61,1,65,1,99,1
IPTeCA_20251128_000335_JST.html,2025-11-28 00:03:35,2025-11-28,00:03:35,0,2026-01-30 18:33:33,html/IPTeCA_20251128_000335_JST.html,292,3,258,4,150,4,62,1,66,1,100,1
IPTeCA_20251128_060504_JST.html,2025-11-28 06:05:04,2025-11-28,06:05:04,6,2026-01-30 18:33:33,html/IPTeCA_20251128_060504_JST.html,294,4,259,4,150,4,62,1,66,1,100,1
IPTeCA_20251128_130913_JST.html,2025-11-28 13:09:13,2025-11-28,13:09:13,13,2026-01-30 18:33:33,html/IPTeCA_20251128_130913_JST.html,295,4,260,4,151,4,63,1,67,1,101,1
IPTeCA_20251128_180617_JST.html,2025-11-28 18:06:17,2025-11-28,18:06:17,18,2026-01-30 18:33:33,html/IPTeCA_20251128_180617_JST.html,295,4,260,4,151,4,63,1,67,1,101,1
IPTeCA_20251129_000317_JST.html,2025-11-29 00:03:17,2025-11-29,00:03:17,0,2026-01-30 18:33:33,html/IPTeCA_20251129_000317_JST.html,296,4,262,4,151,4,63,1,67,1,102,1
IPTeCA_20251129_060521_JST.html,2025-11-29 06:05:21,2025-11-29,06:05:21,6,2026-01-30 18:33:33,html/IPTeCA_20251129_060521_JST.html,297,4,262,4,151,4,63,1,67,1,102,1
IPTeCA_20251129_130817_JST.html,2025-11-29 13:08:17,2025-11-29,13:08:17,13,2026-01-30 18:33:33,html/IPTeCA_20251129_130817_JST.html,297,4,262,4,151,4,63,1,67,1,102,1
IPTeCA_20251129_180607_JST.html,2025-11-29 18:06:07,2025-11-29,18:06:07,18,2026-01-30 18:33:33,html/IPTeCA_20251129_180607_JST.html,297,4,262,4,151,4,63,1,67,1,102,1
IPTeCA_20251130_000301_JST.html,2025-11-30 00:03:01,2025-11-30,00:03:01,0,2026-01-30 18:33:33,html/IPTeCA_20251130_000301_JST.html,308,4,278,5,158,5,63,2,67,2,102,2
IPTeCA_20251130_060452_JST.html,2025-11-30 06:04:52,2025-11-30,06:04:52,6,2026-01-30 18:33:33,html/IPTeCA_20251130_060452_JST.html,308,4,278,5,160,5,65,2,68,2,103,2
IPTeCA_20251130_131749_JST.html,2025-11-30 13:17:49,2025-11-30,13:17:49,13,2026-01-30 18:33:33,html/IPTeCA_20251130_131749_JST.html,308,4,278,5,160,5,65,2,68,2,103,2
IPTeCA_20251130_180543_JST.html,2025-11-30 18:05:43,2025-11-30,18:05:43,18,2026-01-30 18:33:33,html/IPTeCA_20251130_180543_JST.html,308,4,278,5,161,5,65,2,68,2,103,2
IPTeCA_20251201_000307_JST.html,2025-12-01 00:03:07,2025-12-01,00:03:07,0,2026-01-30 18:33:33,html/IPTeCA_20251201_000307_JST.html,309,4,278,5,161,5,65,2,68,2,103,2
IPTeCA_20251201_060452_JST.html,2025-12-01 06:04:52,2025-12-01,06:04:52,6,2026-01-30 18:33:33,html/IPTeCA_20251201_060452_JST.html,309,4,278,5,161,5,65,2,68,2,103,2
IPTeCA_20251201_132646_JST.html,2025-12-01 13:26:46,2025-12-01,13:26:46,13,2026-01-30 18:33:33,html/IPTeCA_20251201_132646_JST.html,311,4,283,5,163,5,67,2,71,2,105,2
IPTeCA_20251201_180856_JST.html,2025-12-01 18:08:56,2025-12-01,18:08:56,18,2026-01-30 18:33:33,html/IPTeCA_20251201_180856_JST.html,311,4,283,5,163,5,68,2,72,2,105,2
IPTeCA_20251202_000334_JST.html,2025-12-02 00:03:34,2025-12-02,00:03:34,0,2026-01-30 18:33:33,html/IPTeCA_20251202_000334_JST.html,314,4,289,5,169,5,71,2,74,2,109,2
IPTeCA_20251202_060517_JST.html,2025-12-02 06:05:17,2025-12-02,06:05:17,6,2026-01-30 18:33:33,html/IPTeCA_20251202_060517_JST.html,314,4,290,5,169,5,72,2,75,2,109,2
IPTeCA_20251202_131357_JST.html,2025-12-02 13:13:57,2025-12-02,13:13:57,13,2026-01-30 18:33:33,html/IPTeCA_20251202_131357_JST.html,314,4,290,5,169,5,72,2,75,2,109,2
IPTeCA_20251202_180830_JST.html,2025-12-02 18:08:30,2025-12-02,18:08:30,18,2026-01-30 18:33:33,html/IPTeCA_20251202_180830_JST.html,318,4,292,5,176,5,75,2,80,2,115,2
IPTeCA_20251203_000338_JST.html,2025-12-03 00:03:38,2025-12-03,00:03:38,0,2026-01-30 18:33:33,html/IPTeCA_20251203_000338_JST.html,319,4,293,5,177,5,75,2,80,2,115,2
IPTeCA_20251203_060611_JST.html,2025-12-03 06:06:11,2025-12-03,06:06:11,6,2026-01-30 18:33:33,html/IPTeCA_20251203_060611_JST.html,319,4,293,5,177,5,75,2,80,2,115,2
IPTeCA_20251203_131241_JST.html,2025-12-03 13:12:41,2025-12-03,13:12:41,13,2026-01-30 18:33:33,html/IPTeCA_20251203_131241_JST.html,319,4,293,5,177,5,75,2,80,2,115,2
IPTeCA_20251203_180800_JST.html,2025-12-03 18:08:00,2025-12-03,18:08:00,18,2026-01-30 18:33:33,html/IPTeCA_20251203_180800_JST.html,319,4,293,5,177,5,75,2,80,2,115,2
IPTeCA_20251204_000357_JST.html,2025-12-04 00:03:57,2025-12-04,00:03:57,0,2026-01-30 18:33:33,html/IPTeCA_20251204_000357_JST.html,319,4,293,5,177,5,75,2,80,2,115,2
IPTeCA_20251204_060555_JST.html,2025-12-04 06:05:55,2025-12-04,06:05:55,6,2026-01-30 18:33:33,html/IPTeCA_20251204_060555_JST.html,319,4,293,5,177,5,75,2,80,2,116,2
IPTeCA_20251204_131351_JST.html,2025-12-04 13:13:51,2025-12-04,13:13:51,13,2026-01-30 18:33:33,html/IPTeCA_20251204_131351_JST.html,320,4,294,5,177,5,75,2,80,2,116,2
IPTeCA_20251204_180717_JST.html,2025-12-04 18:07:17,2025-12-04,18:07:17,18,2026-01-30 18:33:33,html/IPTeCA_20251204_180717_JST.html,326,4,302,5,182,5,79,2,82,2,118,2
IPTeCA_20251205_000400_JST.html,2025-12-05 00:04:00,2025-12-05,00:04:00,0,2026-01-30 18:33:33,html/IPTeCA_20251205_000400_JST.html,326,4,302,5,182,5,80,2,82,2,118,2
IPTeCA_20251205_060617_JST.html,2025-12-05 06:06:17,2025-12-05,06:06:17,6,2026-01-30 18:33:33,html/IPTeCA_20251205_060617_JST.html,326,4,302,5,182,5,80,2,82,2,118,2
IPTeCA_20251205_131309_JST.html,2025-12-05 13:13:09,2025-12-05,13:13:09,13,2026-01-30 18:33:33,html/IPTeCA_20251205_131309_JST.html,326,4,302,5,182,5,80,2,82,2,118,2
IPTeCA_20251205_180623_JST.html,2025-12-05 18:06:23,2025-12-05,18:06:23,18,2026-01-30 18:33:33,html/IPTeCA_20251205_180623_JST.html,327,4,302,5,182,5,80,2,82,2,118,2
IPTeCA_20251206_000330_JST.html,2025-12-06 00:03:30,2025-12-06,00:03:30,0,2026-01-30 18:33:33,html/IPTeCA_20251206_000330_JST.html,327,4,303,5,183,5,80,2,82,2,118,2
IPTeCA_20251206_060514_JST.html,2025-12-06 06:05:14,2025-12-06,06:05:14,6,2026-01-30 18:33:33,html/IPTeCA_20251206_060514_JST.html,327,4,303,5,183,5,80,2,82,2,118,2
IPTeCA_20251206_130814_JST.html,2025-12-06 13:08:14,2025-12-06,13:08:14,13,2026-01-30 18:33:33,html/IPTeCA_20251206_130814_JST.html,327,4,303,5,183,5,80,2,82,2,118,2
IPTeCA_20251206_180539_JST.html,2025-12-06 18:05:39,2025-12-06,18:05:39,18,2026-01-30 18:33:33,html/IPTeCA_20251206_180539_JST.html,329,4,305,5,184,5,82,2,82,2,119,2
IPTeCA_20251207_000259_JST.html,2025-12-07 00:02:59,2025-12-07,00:02:59,0,2026-01-30 18:33:33,html/IPTeCA_20251207_000259_JST.html,331,4,306,5,184,5,82,2,82,2,119,2
IPTeCA_20251207_060444_JST.html,2025-12-07 06:04:44,2025-12-07,06:04:44,6,2026-01-30 18:33:33,html/IPTeCA_20251207_060444_JST.html,331,4,306,5,184,5,82,2,82,2,119,2
IPTeCA_20251207_131753_JST.html,2025-12-07 13:17:53,2025-12-07,13:17:53,13,2026-01-30 18:33:33,html/IPTeCA_20251207_131753_JST.html,331,4,306,5,184,5,82,2,82,2,119,2
IPTeCA_20251207_180542_JST.html,2025-12-07 18:05:42,2025-12-07,18:05:42,18,2026-01-30 18:33:33,html/IPTeCA_20251207_180542_JST.html,333,4,307,5,184,5,82,2,82,2,119,2
IPTeCA_20251208_000301_JST.html,2025-12-08 00:03:01,2025-12-08,00:03:01,0,2026-01-30 18:33:33,html/IPTeCA_20251208_000301_JST.html,333,4,307,5,184,5,82,2,82,2,119,2
IPTeCA_20251208_060446_JST.html,2025-12-08 06:04:46,2025-12-08,06:04:46,6,2026-01-30 18:33:33,html/IPTeCA_20251208_060446_JST.html,333,4,307,5,184,5,82,2,82,2,119,2
IPTeCA_20251208_131605_JST.html,2025-12-08 13:16:05,2025-12-08,13:16:05,13,2026-01-30 18:33:33,html/IPTeCA_20251208_131605_JST.html,352,5,327,5,197,5,98,2,91,2,136,2
IPTeCA_20251208_180845_JST.html,2025-12-08 18:08:45,2025-12-08,18:08:45,18,2026-01-30 18:33:33,html/IPTeCA_20251208_180845_JST.html,362,5,338,5,207,5,101,2,98,2,142,2
IPTeCA_20251209_000335_JST.html,2025-12-09 00:03:35,2025-12-09,00:03:35,0,2026-01-30 18:33:33,html/IPTeCA_20251209_000335_JST.html,362,5,338,5,208,5,101,2,99,2,142,2
IPTeCA_20251209_060547_JST.html,2025-12-09 06:05:47,2025-12-09,06:05:47,6,2026-01-30 18:33:33,html/IPTeCA_20251209_060547_JST.html,362,5,338,5,208,5,101,2,99,2,142,2
IPTeCA_20251209_131236_JST.html,2025-12-09 13:12:36,2025-12-09,13:12:36,13,2026-01-30 18:33:33,html/IPTeCA_20251209_131236_JST.html,362,5,338,5,208,5,101,2,99,2,142,2
IPTeCA_20251209_180817_JST.html,2025-12-09 18:08:17,2025-12-09,18:08:17,18,2026-01-30 18:33:33,html/IPTeCA_20251209_180817_JST.html,362,5,338,5,208,5,101,2,99,2,142,2
IPTeCA_20251210_000357_JST.html,2025-12-10 00:03:57,2025-12-10,00:03:57,0,2026-01-30 18:33:33,html/IPTeCA_20251210_000357_JST.html,362,5,338,5,208,5,101,2,99,2,142,2
IPTeCA_20251210_060503_JST.html,2025-12-10 06:05:03,2025-12-10,06:05:03,6,2026-01-30 18:33:33,html/IPTeCA_20251210_060503_JST.html,362,5,338,5,208,5,101,2,99,2,142,2
IPTeCA_20251210_131549_JST.html,2025-12-10 13:15:49,2025-12-10,13:15:49,13,2026-01-30 18:33:33,html/IPTeCA_20251210_131549_JST.html,362,5,338,5,208,5,101,2,99,2,142,2
IPTeCA_20251210_180755_JST.html,2025-12-10 18:07:55,2025-12-10,18:07:55,18,2026-01-30 18:33:33,html/IPTeCA_20251210_180755_JST.html,362,5,338,5,208,5,101,2,99,2,142,2
IPTeCA_20251211_000424_JST.html,2025-12-11 00:04:24,2025-12-11,00:04:24,0,2026-01-30 18:33:33,html/IPTeCA_20251211_000424_JST.html,363,5,339,5,208,5,101,2,99,2,142,2
IPTeCA_20251211_060618_JST.html,2025-12-11 06:06:18,2025-12-11,06:06:18,6,2026-01-30 18:33:33,html/IPTeCA_20251211_060618_JST.html,363,5,339,5,208,5,101,2,99,2,142,2
IPTeCA_20251211_131729_JST.html,2025-12-11 13:17:29,2025-12-11,13:17:29,13,2026-01-30 18:33:33,html/IPTeCA_20251211_131729_JST.html,363,5,339,5,208,5,101,2,99,2,142,2
IPTeCA_20251211_180802_JST.html,2025-12-11 18:08:02,2025-12-11,18:08:02,18,2026-01-30 18:33:33,html/IPTeCA_20251211_180802_JST.html,363,5,339,5,208,5,101,2,99,2,142,2
IPTeCA_20251212_000348_JST.html,2025-12-12 00:03:48,2025-12-12,00:03:48,0,2026-01-30 18:33:33,html/IPTeCA_20251212_000348_JST.html,363,5,339,5,208,5,101,2,99,2,142,2
IPTeCA_20251212_060627_JST.html,2025-12-12 06:06:27,2025-12-12,06:06:27,6,2026-01-30 18:33:33,html/IPTeCA_20251212_060627_JST.html,363,5,339,5,208,5,101,2,99,2,142,2
IPTeCA_20251212_131650_JST.html,2025-12-12 13:16:50,2025-12-12,13:16:50,13,2026-01-30 18:33:33,html/IPTeCA_20251212_131650_JST.html,363,5,339,5,208,5,101,2,99,2,142,2
IPTeCA_20251212_180823_JST.html,2025-12-12 18:08:23,2025-12-12,18:08:23,18,2026-01-30 18:33:33,html/IPTeCA_20251212_180823_JST.html,363,5,339,5,208,5,101,2,99,2,142,2
IPTeCA_20251213_000336_JST.html,2025-12-13 00:03:36,2025-12-13,00:03:36,0,2026-01-30 18:33:33,html/IPTeCA_20251213_000336_JST.html,363,5,339,5,208,5,101,2,99,2,142,2
IPTeCA_20251213_060539_JST.html,2025-12-13 06:05:39,2025-12-13,06:05:39,6,2026-01-30 18:33:33,html/IPTeCA_20251213_060539_JST.html,363,5,339,5,208,5,101,2,99,2,142,2
IPTeCA_20251213_131224_JST.html,2025-12-13 13:12:24,2025-12-13,13:12:24,13,2026-01-30 18:33:33,html/IPTeCA_20251213_131224_JST.html,363,5,339,5,208,5,101,2,99,2,142,2
IPTeCA_20251213_180546_JST.html,2025-12-13 18:05:46,2025-12-13,18:05:46,18,2026-01-30 18:33:33,html/IPTeCA_20251213_180546_JST.html,363,5,339,5,208,5,101,2,99,2,142,2
IPTeCA_20251214_000259_JST.html,2025-12-14 00:02:59,2025-12-14,00:02:59,0,2026-01-30 18:33:33,html/IPTeCA_20251214_000259_JST.html,363,5,339,5,208,5,101,2,99,2,142,2
IPTeCA_20251214_060449_JST.html,2025-12-14 06:04:49,2025-12-14,06:04:49,6,2026-01-30 18:33:33,html/IPTeCA_20251214_060449_JST.html,363,5,339,5,208,5,101,2,99,2,142,2
IPTeCA_20251214_131939_JST.html,2025-12-14 13:19:39,2025-12-14,13:19:39,13,2026-01-30 18:33:33,html/IPTeCA_20251214_131939_JST.html,363,5,339,5,208,5,101,2,99,2,142,2
IPTeCA_20251214_180600_JST.html,2025-12-14 18:06:00,2025-12-14,18:06:00,18,2026-01-30 18:33:33,html/IPTeCA_20251214_180600_JST.html,363,5,339,5,208,5,101,2,99,2,142,2
IPTeCA_20251215_000324_JST.html,2025-12-15 00:03:24,2025-12-15,00:03:24,0,2026-01-30 18:33:33,html/IPTeCA_20251215_000324_JST.html,363,5,339,5,208,5,101,2,99,2,142,2
IPTeCA_20251215_060501_JST.html,2025-12-15 06:05:01,2025-12-15,06:05:01,6,2026-01-30 18:33:33,html/IPTeCA_20251215_060501_JST.html,363,5,339,5,208,5,101,2,99,2,142,2
IPTeCA_20251215_132256_JST.html,2025-12-15 13:22:56,2025-12-15,13:22:56,13,2026-01-30 18:33:33,html/IPTeCA_20251215_132256_JST.html,366,5,341,5,208,5,101,2,99,2,142,2
IPTeCA_20251215_181007_JST.html,2025-12-15 18:10:07,2025-12-15,18:10:07,18,2026-01-30 18:33:33,html/IPTeCA_20251215_181007_JST.html,366,5,342,5,209,5,101,2,99,2,142,2
IPTeCA_20251216_000503_JST.html,2025-12-16 00:05:03,2025-12-16,00:05:03,0,2026-01-30 18:33:33,html/IPTeCA_20251216_000503_JST.html,366,5,342,5,209,5,101,2,99,2,142,2
IPTeCA_20251216_060605_JST.html,2025-12-16 06:06:05,2025-12-16,06:06:05,6,2026-01-30 18:33:33,html/IPTeCA_20251216_060605_JST.html,366,5,342,5,209,5,101,2,99,2,142,2
IPTeCA_20251216_131731_JST.html,2025-12-16 13:17:31,2025-12-16,13:17:31,13,2026-01-30 18:33:33,html/IPTeCA_20251216_131731_JST.html,366,5,342,5,209,5,101,2,99,2,142,2
IPTeCA_20251216_180837_JST.html,2025-12-16 18:08:37,2025-12-16,18:08:37,18,2026-01-30 18:33:33,html/IPTeCA_20251216_180837_JST.html,366,5,342,5,209,5,101,2,99,2,142,2
IPTeCA_20251217_000409_JST.html,2025-12-17 00:04:09,2025-12-17,00:04:09,0,2026-01-30 18:33:33,html/IPTeCA_20251217_000409_JST.html,367,5,343,5,209,5,102,2,99,2,142,2
IPTeCA_20251217_060546_JST.html,2025-12-17 06:05:46,2025-12-17,06:05:46,6,2026-01-30 18:33:33,html/IPTeCA_20251217_060546_JST.html,367,5,343,5,209,5,102,2,99,2,142,2
IPTeCA_20251217_131534_JST.html,2025-12-17 13:15:34,2025-12-17,13:15:34,13,2026-01-30 18:33:33,html/IPTeCA_20251217_131534_JST.html,367,5,343,5,209,5,102,2,99,2,142,2
IPTeCA_20251217_180913_JST.html,2025-12-17 18:09:13,2025-12-17,18:09:13,18,2026-01-30 18:33:33,html/IPTeCA_20251217_180913_JST.html,367,5,343,5,209,5,102,2,99,2,142,2
IPTeCA_20251218_000354_JST.html,2025-12-18 00:03:54,2025-12-18,00:03:54,0,2026-01-30 18:33:33,html/IPTeCA_20251218_000354_JST.html,367,5,343,5,209,5,102,2,99,2,142,2
IPTeCA_20251218_060542_JST.html,2025-12-18 06:05:42,2025-12-18,06:05:42,6,2026-01-30 18:33:33,html/IPTeCA_20251218_060542_JST.html,367,5,343,5,209,5,102,2,99,2,142,2
IPTeCA_20251218_131554_JST.html,2025-12-18 13:15:54,2025-12-18,13:15:54,13,2026-01-30 18:33:33,html/IPTeCA_20251218_131554_JST.html,367,5,343,5,209,5,102,2,99,2,142,2
IPTeCA_20251218_180902_JST.html,2025-12-18 18:09:02,2025-12-18,18:09:02,18,2026-01-30 18:33:33,html/IPTeCA_20251218_180902_JST.html,367,5,343,5,209,5,102,2,99,2,142,2
IPTeCA_20251219_000329_JST.html,2025-12-19 00:03:29,2025-12-19,00:03:29,0,2026-01-30 18:33:33,html/IPTeCA_20251219_000329_JST.html,367,5,343,5,209,5,102,2,99,2,142,2
IPTeCA_20251219_060552_JST.html,2025-12-19 06:05:52,2025-12-19,06:05:52,6,2026-01-30 18:33:33,html/IPTeCA_20251219_060552_JST.html,367,5,343,5,209,5,102,2,99,2,142,2
IPTeCA_20251219_131649_JST.html,2025-12-19 13:16:49,2025-12-19,13:16:49,13,2026-01-30 18:33:33,html/IPTeCA_20251219_131649_JST.html,369,6,346,5,210,5,103,2,100,2,142,2
IPTeCA_20251219_180711_JST.html,2025-12-19 18:07:11,2025-12-19,18:07:11,18,2026-01-30 18:33:33,html/IPTeCA_20251219_180711_JST.html,388,17,357,11,222,11,113,7,111,7,152,8
IPTeCA_20251220_000321_JST.html,2025-12-20 00:03:21,2025-12-20,00:03:21,0,2026-01-30 18:33:33,html/IPTeCA_20251220_000321_JST.html,388,18,357,11,222,11,113,7,111,7,152,8
IPTeCA_20251220_060518_JST.html,2025-12-20 06:05:18,2025-12-20,06:05:18,6,2026-01-30 18:33:33,html/IPTeCA_20251220_060518_JST.html,388,18,357,11,222,11,113,7,111,7,152,8
IPTeCA_20251220_131116_JST.html,2025-12-20 13:11:16,2025-12-20,13:11:16,13,2026-01-30 18:33:33,html/IPTeCA_20251220_131116_JST.html,389,18,357,11,222,11,113,7,111,7,152,8
IPTeCA_20251220_180545_JST.html,2025-12-20 18:05:45,2025-12-20,18:05:45,18,2026-01-30 18:33:33,html/IPTeCA_20251220_180545_JST.html,389,18,357,11,222,11,113,7,111,7,152,8
IPTeCA_20251221_000304_JST.html,2025-12-21 00:03:04,2025-12-21,00:03:04,0,2026-01-30 18:33:33,html/IPTeCA_20251221_000304_JST.html,389,18,357,11,222,11,113,7,111,7,152,8
IPTeCA_20251221_060432_JST.html,2025-12-21 06:04:32,2025-12-21,06:04:32,6,2026-01-30 18:33:33,html/IPTeCA_20251221_060432_JST.html,389,18,357,11,222,11,113,7,111,7,152,8
IPTeCA_20251221_132002_JST.html,2025-12-21 13:20:02,2025-12-21,13:20:02,13,2026-01-30 18:33:33,html/IPTeCA_20251221_132002_JST.html,389,18,357,11,222,11,113,7,111,7,152,8
IPTeCA_20251221_180555_JST.html,2025-12-21 18:05:55,2025-12-21,18:05:55,18,2026-01-30 18:33:33,html/IPTeCA_20251221_180555_JST.html,389,18,357,11,222,11,113,7,111,7,152,8
IPTeCA_20251222_000305_JST.html,2025-12-22 00:03:05,2025-12-22,00:03:05,0,2026-01-30 18:33:33,html/IPTeCA_20251222_000305_JST.html,390,18,360,11,223,11,113,7,112,7,153,8
IPTeCA_20251222_060519_JST.html,2025-12-22 06:05:19,2025-12-22,06:05:19,6,2026-01-30 18:33:33,html/IPTeCA_20251222_060519_JST.html,390,18,360,11,223,11,113,7,112,7,153,8
IPTeCA_20251222_132230_JST.html,2025-12-22 13:22:30,2025-12-22,13:22:30,13,2026-01-30 18:33:33,html/IPTeCA_20251222_132230_JST.html,390,18,360,11,223,11,113,7,112,7,153,8
IPTeCA_20251222_180901_JST.html,2025-12-22 18:09:01,2025-12-22,18:09:01,18,2026-01-30 18:33:33,html/IPTeCA_20251222_180901_JST.html,430,21,405,11,243,11,128,7,130,7,175,8
IPTeCA_20251223_000315_JST.html,2025-12-23 00:03:15,2025-12-23,00:03:15,0,2026-01-30 18:33:33,html/IPTeCA_20251223_000315_JST.html,430,21,405,11,243,11,128,7,130,7,175,8
IPTeCA_20251223_060551_JST.html,2025-12-23 06:05:51,2025-12-23,06:05:51,6,2026-01-30 18:33:33,html/IPTeCA_20251223_060551_JST.html,430,21,405,11,243,11,128,7,130,7,175,8
IPTeCA_20251223_131943_JST.html,2025-12-23 13:19:43,2025-12-23,13:19:43,13,2026-01-30 18:33:33,html/IPTeCA_20251223_131943_JST.html,430,21,405,11,243,11,128,7,130,7,175,8
IPTeCA_20251223_180818_JST.html,2025-12-23 18:08:18,2025-12-23,18:08:18,18,2026-01-30 18:33:33,html/IPTeCA_20251223_180818_JST.html,437,21,411,11,251,11,128,7,130,7,176,8
IPTeCA_20251224_000314_JST.html,2025-12-24 00:03:14,2025-12-24,00:03:14,0,2026-01-30 18:33:33,html/IPTeCA_20251224_000314_JST.html,438,21,411,11,251,12,128,7,130,7,176,8
IPTeCA_20251224_060559_JST.html,2025-12-24 06:05:59,2025-12-24,06:05:59,6,2026-01-30 18:33:33,html/IPTeCA_20251224_060559_JST.html,438,21,411,11,251,12,128,7,130,7,176,8
IPTeCA_20251224_131817_JST.html,2025-12-24 13:18:17,2025-12-24,13:18:17,13,2026-01-30 18:33:33,html/IPTeCA_20251224_131817_JST.html,438,21,411,11,251,12,128,7,130,7,176,8
IPTeCA_20251224_180832_JST.html,2025-12-24 18:08:32,2025-12-24,18:08:32,18,2026-01-30 18:33:33,html/IPTeCA_20251224_180832_JST.html,438,21,411,11,251,12,128,7,130,7,176,8
IPTeCA_20251225_000328_JST.html,2025-12-25 00:03:28,2025-12-25,00:03:28,0,2026-01-30 18:33:33,html/IPTeCA_20251225_000328_JST.html,438,21,411,11,251,12,128,7,130,7,176,8
IPTeCA_20251225_060509_JST.html,2025-12-25 06:05:09,2025-12-25,06:05:09,6,2026-01-30 18:33:33,html/IPTeCA_20251225_060509_JST.html,438,21,411,11,251,12,128,7,130,7,176,8
IPTeCA_20251225_131946_JST.html,2025-12-25 13:19:46,2025-12-25,13:19:46,13,2026-01-30 18:33:33,html/IPTeCA_20251225_131946_JST.html,438,21,411,11,251,12,128,7,130,7,176,8
IPTeCA_20251225_180730_JST.html,2025-12-25 18:07:30,2025-12-25,18:07:30,18,2026-01-30 18:33:33,html/IPTeCA_20251225_180730_JST.html,438,21,411,11,251,12,128,7,130,7,176,8
IPTeCA_20251226_000303_JST.html,2025-12-26 00:03:03,2025-12-26,00:03:03,0,2026-01-30 18:33:33,html/IPTeCA_20251226_000303_JST.html,438,21,411,11,251,12,128,7,130,7,176,8
IPTeCA_20251226_060516_JST.html,2025-12-26 06:05:16,2025-12-26,06:05:16,6,2026-01-30 18:33:33,html/IPTeCA_20251226_060516_JST.html,438,21,411,11,251,12,128,7,130,7,176,8
IPTeCA_20251226_131817_JST.html,2025-12-26 13:18:17,2025-12-26,13:18:17,13,2026-01-30 18:33:33,html/IPTeCA_20251226_131817_JST.html,438,21,411,11,251,12,128,7,130,7,176,8
IPTeCA_20251226_180706_JST.html,2025-12-26 18:07:06,2025-12-26,18:07:06,18,2026-01-30 18:33:33,html/IPTeCA_20251226_180706_JST.html,438,21,411,11,251,12,128,7,130,7,176,8
IPTeCA_20251227_000303_JST.html,2025-12-27 00:03:03,2025-12-27,00:03:03,0,2026-01-30 18:33:33,html/IPTeCA_20251227_000303_JST.html,438,21,411,11,251,12,128,7,130,7,176,8
IPTeCA_20251227_060453_JST.html,2025-12-27 06:04:53,2025-12-27,06:04:53,6,2026-01-30 18:33:33,html/IPTeCA_20251227_060453_JST.html,438,21,411,11,251,12,128,7,130,7,176,8
IPTeCA_20251227_131519_JST.html,2025-12-27 13:15:19,2025-12-27,13:15:19,13,2026-01-30 18:33:33,html/IPTeCA_20251227_131519_JST.html,438,21,411,11,251,12,128,7,130,7,176,8
IPTeCA_20251227_180555_JST.html,2025-12-27 18:05:55,2025-12-27,18:05:55,18,2026-01-30 18:33:33,html/IPTeCA_20251227_180555_JST.html,438,21,411,11,251,12,128,7,130,7,176,8
IPTeCA_20251228_000301_JST.html,2025-12-28 00:03:01,2025-12-28,00:03:01,0,2026-01-30 18:33:33,html/IPTeCA_20251228_000301_JST.html,438,21,411,11,251,12,128,7,130,7,176,8
IPTeCA_20251228_060456_JST.html,2025-12-28 06:04:56,2025-12-28,06:04:56,6,2026-01-30 18:33:33,html/IPTeCA_20251228_060456_JST.html,438,21,411,11,251,12,128,7,130,7,176,8
IPTeCA_20251228_132438_JST.html,2025-12-28 13:24:38,2025-12-28,13:24:38,13,2026-01-30 18:33:33,html/IPTeCA_20251228_132438_JST.html,438,21,411,11,251,12,128,7,130,7,176,8
IPTeCA_20251228_180557_JST.html,2025-12-28 18:05:57,2025-12-28,18:05:57,18,2026-01-30 18:33:33,html/IPTeCA_20251228_180557_JST.html,438,21,411,11,251,12,128,7,130,7,176,8
IPTeCA_20251229_000312_JST.html,2025-12-29 00:03:12,2025-12-29,00:03:12,0,2026-01-30 18:33:33,html/IPTeCA_20251229_000312_JST.html,438,21,411,11,252,12,128,7,130,7,176,8
IPTeCA_20251229_060522_JST.html,2025-12-29 06:05:22,2025-12-29,06:05:22,6,2026-01-30 18:33:33,html/IPTeCA_20251229_060522_JST.html,438,21,411,11,252,12,128,7,130,7,176,8
IPTeCA_20251229_132637_JST.html,2025-12-29 13:26:37,2025-12-29,13:26:37,13,2026-01-30 18:33:33,html/IPTeCA_20251229_132637_JST.html,438,21,411,11,252,12,128,7,130,7,176,8
IPTeCA_20251229_180941_JST.html,2025-12-29 18:09:41,2025-12-29,18:09:41,18,2026-01-30 18:33:33,html/IPTeCA_20251229_180941_JST.html,438,21,411,11,252,12,128,7,130,7,176,8
IPTeCA_20251230_000324_JST.html,2025-12-30 00:03:24,2025-12-30,00:03:24,0,2026-01-30 18:33:33,html/IPTeCA_20251230_000324_JST.html,438,21,411,11,252,12,128,7,130,7,176,8
IPTeCA_20251230_060537_JST.html,2025-12-30 06:05:37,2025-12-30,06:05:37,6,2026-01-30 18:33:33,html/IPTeCA_20251230_060537_JST.html,438,21,411,11,252,12,128,7,130,7,176,8
IPTeCA_20251230_132107_JST.html,2025-12-30 13:21:07,2025-12-30,13:21:07,13,2026-01-30 18:33:33,html/IPTeCA_20251230_132107_JST.html,438,21,411,11,252,12,128,7,130,7,176,8
IPTeCA_20251230_180803_JST.html,2025-12-30 18:08:03,2025-12-30,18:08:03,18,2026-01-30 18:33:33,html/IPTeCA_20251230_180803_JST.html,438,21,411,11,252,12,128,7,130,7,176,8
IPTeCA_20251231_000330_JST.html,2025-12-31 00:03:30,2025-12-31,00:03:30,0,2026-01-30 18:33:33,html/IPTeCA_20251231_000330_JST.html,438,21,412,11,253,12,128,7,143,7,176,8
IPTeCA_20251231_060545_JST.html,2025-12-31 06:05:45,2025-12-31,06:05:45,6,2026-01-30 18:33:33,html/IPTeCA_20251231_060545_JST.html,438,21,414,11,253,12,128,7,145,7,176,8
IPTeCA_20251231_132039_JST.html,2025-12-31 13:20:39,2025-12-31,13:20:39,13,2026-01-30 18:33:33,html/IPTeCA_20251231_132039_JST.html,438,21,414,11,253,12,128,7,145,7,176,8
IPTeCA_20251231_180738_JST.html,2025-12-31 18:07:38,2025-12-31,18:07:38,18,2026-01-30 18:33:33,html/IPTeCA_20251231_180738_JST.html,438,21,414,11,253,12,128,7,145,7,176,8
IPTeCA_20251119_083317_JST.png,2025/11/19 8:33,2025/11/19,8:33:17,8,,screenshots/IPTeCA_20251119_083317_JST.png,223,1,167,0,92,0,38,0,40,0,69,0
IPTeCA_20251120_082247_JST.png,2025/11/20 8:22,2025/11/20,8:22:47,8,,screenshots/IPTeCA_20251120_082247_JST.png,229,1,175,1,99,1,40,1,43,1,71,1
IPTeCA_20251125_095611_JST.png,2025/11/25 9:56,2025/11/25,9:56:11,9,,screenshots/IPTeCA_20251125_095611_JST.png,243,2,200,3,108,4,45,1,43,1,71,1
IPTeCA_20251126_144534_JST.html,2025/11/26 14:45,2025/11/26,14:45:34,14,2025/12/1 1:04,html/IPTeCA_20251126_144534_JST.html,282,3,246,4,148,4,57,1,62,1,98,1
IPTeCA_20251126_180637_JST.html,2025/11/26 18:06,2025/11/26,18:06:37,18,2025/12/1 1:04,html/IPTeCA_20251126_180637_JST.html,282,3,246,4,148,4,57,1,62,1,98,1
IPTeCA_20251127_130911_JST.html,2025/11/27 13:09,2025/11/27,13:09:11,13,2025/12/1 1:04,html/IPTeCA_20251127_130911_JST.html,282,3,248,4,149,4,59,1,64,1,99,1
IPTeCA_20251127_180611_JST.html,2025/11/27 18:06,2025/11/27,18:06:11,18,2025/12/1 1:04,html/IPTeCA_20251127_180611_JST.html,286,3,253,4,149,4,61,1,65,1,99,1
IPTeCA_20251127_060454_JST.html,2025/11/27 6:04,2025/11/27,6:04:54,6,2025/12/1 1:04,html/IPTeCA_20251127_060454_JST.html,282,3,247,4,149,4,58,1,63,1,99,1
IPTeCA_20251128_000335_JST.html,2025/11/28 0:03,2025/11/28,0:03:35,0,2025/12/1 1:04,html/IPTeCA_20251128_000335_JST.html,292,3,258,4,150,4,62,1,66,1,100,1
IPTeCA_20251128_130913_JST.html,2025/11/28 13:09,2025/11/28,13:09:13,13,2025/12/1 1:04,html/IPTeCA_20251128_130913_JST.html,295,4,260,4,151,4,63,1,67,1,101,1
IPTeCA_20251128_180617_JST.html,2025/11/28 18:06,2025/11/28,18:06:17,18,2025/12/1 1:04,html/IPTeCA_20251128_180617_JST.html,295,4,260,4,151,4,63,1,67,1,101,1
IPTeCA_20251128_060504_JST.html,2025/11/28 6:05,2025/11/28,6:05:04,6,2025/12/1 1:04,html/IPTeCA_20251128_060504_JST.html,294,4,259,4,150,4,62,1,66,1,100,1
IPTeCA_20251129_000317_JST.html,2025/11/29 0:03,2025/11/29,0:03:17,0,2025/12/1 1:04,html/IPTeCA_20251129_000317_JST.html,296,4,262,4,151,4,63,1,67,1,102,1
IPTeCA_20251129_130817_JST.html,2025/11/29 13:08,2025/11/29,13:08:17,13,2025/12/1 1:04,html/IPTeCA_20251129_130817_JST.html,297,4,262,4,151,4,63,1,67,1,102,1
IPTeCA_20251129_180607_JST.html,2025/11/29 18:06,2025/11/29,18:06:07,18,2025/12/1 1:04,html/IPTeCA_20251129_180607_JST.html,297,4,262,4,151,4,63,1,67,1,102,1
IPTeCA_20251129_060521_JST.html,2025/11/29 6:05,2025/11/29,6:05:21,6,2025/12/1 1:04,html/IPTeCA_20251129_060521_JST.html,297,4,262,4,151,4,63,1,67,1,102,1
IPTeCA_20251130_000301_JST.html,2025/11/30 0:03,2025/11/30,0:03:01,0,2025/12/1 1:04,html/IPTeCA_20251130_000301_JST.html,308,4,278,5,158,5,63,2,67,2,102,2
IPTeCA_20251130_131749_JST.html,2025/11/30 13:17,2025/11/30,13:17:49,13,2025/12/1 1:04,html/IPTeCA_20251130_131749_JST.html,308,4,278,5,160,5,65,2,68,2,103,2
IPTeCA_20251130_180543_JST.html,2025/11/30 18:05,2025/11/30,18:05:43,18,2025/12/1 1:04,html/IPTeCA_20251130_180543_JST.html,308,4,278,5,161,5,65,2,68,2,103,2
IPTeCA_20251130_060452_JST.html,2025/11/30 6:04,2025/11/30,6:04:52,6,2025/12/1 1:04,html/IPTeCA_20251130_060452_JST.html,308,4,278,5,160,5,65,2,68,2,103,2
IPTeCA_20251201_000307_JST.html,2025/12/1 0:03,2025/12/1,0:03:07,0,2025/12/1 1:04,html/IPTeCA_20251201_000307_JST.html,309,4,278,5,161,5,65,2,68,2,103,2
IPTeCA_20260101_000316_JST.html,2026-01-01 00:03:16,2026-01-01,00:03:16,0,2026-01-30 18:33:33,html/IPTeCA_20260101_000316_JST.html,438,21,414,11,253,12,128,7,145,7,176,8
IPTeCA_20260101_060541_JST.html,2026-01-01 06:05:41,2026-01-01,06:05:41,6,2026-01-30 18:33:33,html/IPTeCA_20260101_060541_JST.html,438,21,414,11,253,12,128,7,145,7,176,8
IPTeCA_20260101_132553_JST.html,2026-01-01 13:25:53,2026-01-01,13:25:53,13,2026-01-30 18:33:33,html/IPTeCA_20260101_132553_JST.html,440,21,415,11,253,12,128,7,145,7,176,8
IPTeCA_20260101_180800_JST.html,2026-01-01 18:08:00,2026-01-01,18:08:00,18,2026-01-30 18:33:33,html/IPTeCA_20260101_180800_JST.html,440,21,415,11,253,12,128,7,145,7,176,8
IPTeCA_20260102_000324_JST.html,2026-01-02 00:03:24,2026-01-02,00:03:24,0,2026-01-30 18:33:33,html/IPTeCA_20260102_000324_JST.html,440,21,415,11,253,12,128,7,145,7,176,8
IPTeCA_20260102_060541_JST.html,2026-01-02 06:05:41,2026-01-02,06:05:41,6,2026-01-30 18:33:33,html/IPTeCA_20260102_060541_JST.html,440,21,415,11,253,12,128,7,145,7,176,8
IPTeCA_20260102_132231_JST.html,2026-01-02 13:22:31,2026-01-02,13:22:31,13,2026-01-30 18:33:33,html/IPTeCA_20260102_132231_JST.html,440,21,415,11,253,12,128,7,145,7,176,8
IPTeCA_20260102_180733_JST.html,2026-01-02 18:07:33,2026-01-02,18:07:33,18,2026-01-30 18:33:33,html/IPTeCA_20260102_180733_JST.html,440,21,415,11,253,12,128,7,145,7,176,8
IPTeCA_20260103_000350_JST.html,2026-01-03 00:03:50,2026-01-03,00:03:50,0,2026-01-30 18:33:33,html/IPTeCA_20260103_000350_JST.html,440,21,415,11,253,12,128,7,145,7,176,8
IPTeCA_20260103_060512_JST.html,2026-01-03 06:05:12,2026-01-03,06:05:12,6,2026-01-30 18:33:33,html/IPTeCA_20260103_060512_JST.html,440,21,415,11,253,12,128,7,145,7,176,8
IPTeCA_20260103_131510_JST.html,2026-01-03 13:15:10,2026-01-03,13:15:10,13,2026-01-30 18:33:33,html/IPTeCA_20260103_131510_JST.html,440,21,415,11,253,12,128,7,145,7,176,8
IPTeCA_20260103_180542_JST.html,2026-01-03 18:05:42,2026-01-03,18:05:42,18,2026-01-30 18:33:33,html/IPTeCA_20260103_180542_JST.html,440,21,415,11,253,12,128,7,145,7,176,8
IPTeCA_20260104_000259_JST.html,2026-01-04 00:02:59,2026-01-04,00:02:59,0,2026-01-30 18:33:33,html/IPTeCA_20260104_000259_JST.html,440,21,415,11,253,12,128,7,145,7,176,8
IPTeCA_20260104_060514_JST.html,2026-01-04 06:05:14,2026-01-04,06:05:14,6,2026-01-30 18:33:33,html/IPTeCA_20260104_060514_JST.html,440,21,415,11,253,12,128,7,145,7,176,8
IPTeCA_20260104_132629_JST.html,2026-01-04 13:26:29,2026-01-04,13:26:29,13,2026-01-30 18:33:33,html/IPTeCA_20260104_132629_JST.html,440,21,415,11,253,12,128,7,145,7,176,8
IPTeCA_20260104_180541_JST.html,2026-01-04 18:05:41,2026-01-04,18:05:41,18,2026-01-30 18:33:33,html/IPTeCA_20260104_180541_JST.html,440,21,415,11,253,12,128,7,145,7,176,8
IPTeCA_20260105_000259_JST.html,2026-01-05 00:02:59,2026-01-05,00:02:59,0,2026-01-30 18:33:33,html/IPTeCA_20260105_000259_JST.html,440,21,415,11,253,12,128,7,145,7,176,8
IPTeCA_20260105_060505_JST.html,2026-01-05 06:05:05,2026-01-05,06:05:05,6,2026-01-30 18:33:33,html/IPTeCA_20260105_060505_JST.html,440,21,415,11,253,12,128,7,145,7,176,8
IPTeCA_20260105_133043_JST.html,2026-01-05 13:30:43,2026-01-05,13:30:43,13,2026-01-30 18:33:33,html/IPTeCA_20260105_133043_JST.html,440,21,415,11,253,12,128,7,145,7,176,8
IPTeCA_20260105_181034_JST.html,2026-01-05 18:10:34,2026-01-05,18:10:34,18,2026-01-30 18:33:33,html/IPTeCA_20260105_181034_JST.html,440,21,415,11,253,12,128,7,145,7,176,8
IPTeCA_20260106_000412_JST.html,2026-01-06 00:04:12,2026-01-06,00:04:12,0,2026-01-30 18:33:33,html/IPTeCA_20260106_000412_JST.html,440,21,415,11,253,12,128,7,145,7,176,8
IPTeCA_20260106_060539_JST.html,2026-01-06 06:05:39,2026-01-06,06:05:39,6,2026-01-30 18:33:33,html/IPTeCA_20260106_060539_JST.html,440,21,415,11,253,12,128,7,145,7,176,8
IPTeCA_20260106_132137_JST.html,2026-01-06 13:21:37,2026-01-06,13:21:37,13,2026-01-30 18:33:33,html/IPTeCA_20260106_132137_JST.html,440,21,415,11,253,12,128,7,145,7,176,8
IPTeCA_20260106_180844_JST.html,2026-01-06 18:08:44,2026-01-06,18:08:44,18,2026-01-30 18:33:33,html/IPTeCA_20260106_180844_JST.html,440,21,415,11,253,12,128,7,145,7,176,8
IPTeCA_20260107_000312_JST.html,2026-01-07 00:03:12,2026-01-07,00:03:12,0,2026-01-30 18:33:33,html/IPTeCA_20260107_000312_JST.html,440,21,415,11,253,12,128,7,145,7,176,8
IPTeCA_20260107_060526_JST.html,2026-01-07 06:05:26,2026-01-07,06:05:26,6,2026-01-30 18:33:33,html/IPTeCA_20260107_060526_JST.html,440,21,415,11,253,12,128,7,145,7,176,8
IPTeCA_20260107_132209_JST.html,2026-01-07 13:22:09,2026-01-07,13:22:09,13,2026-01-30 18:33:33,html/IPTeCA_20260107_132209_JST.html,440,21,415,11,253,12,128,7,145,7,176,8
IPTeCA_20260107_180948_JST.html,2026-01-07 18:09:48,2026-01-07,18:09:48,18,2026-01-30 18:33:33,html/IPTeCA_20260107_180948_JST.html,480,21,452,11,255,12,128,7,145,7,176,8
IPTeCA_20260108_000407_JST.html,2026-01-08 00:04:07,2026-01-08,00:04:07,0,2026-01-30 18:33:33,html/IPTeCA_20260108_000407_JST.html,480,21,452,11,255,12,128,7,145,7,176,8
IPTeCA_20260108_060536_JST.html,2026-01-08 06:05:36,2026-01-08,06:05:36,6,2026-01-30 18:33:33,html/IPTeCA_20260108_060536_JST.html,480,21,452,11,255,12,128,7,145,7,176,8
IPTeCA_20260108_132158_JST.html,2026-01-08 13:21:58,2026-01-08,13:21:58,13,2026-01-30 18:33:33,html/IPTeCA_20260108_132158_JST.html,480,21,457,11,258,12,128,7,145,7,176,8
IPTeCA_20260108_180936_JST.html,2026-01-08 18:09:36,2026-01-08,18:09:36,18,2026-01-30 18:33:33,html/IPTeCA_20260108_180936_JST.html,480,21,457,11,258,12,128,7,145,7,176,8
IPTeCA_20260109_000534_JST.html,2026-01-09 00:05:34,2026-01-09,00:05:34,0,2026-01-30 18:33:33,html/IPTeCA_20260109_000534_JST.html,480,21,457,11,258,12,128,7,145,7,176,8
IPTeCA_20260109_060631_JST.html,2026-01-09 06:06:31,2026-01-09,06:06:31,6,2026-01-30 18:33:33,html/IPTeCA_20260109_060631_JST.html,480,21,457,11,258,12,128,7,145,7,176,8
IPTeCA_20260109_132221_JST.html,2026-01-09 13:22:21,2026-01-09,13:22:21,13,2026-01-30 18:33:33,html/IPTeCA_20260109_132221_JST.html,480,21,457,11,258,12,128,7,145,7,176,8
IPTeCA_20260109_180914_JST.html,2026-01-09 18:09:14,2026-01-09,18:09:14,18,2026-01-30 18:33:33,html/IPTeCA_20260109_180914_JST.html,480,21,457,11,258,12,128,7,145,7,176,8
IPTeCA_20260110_000330_JST.html,2026-01-10 00:03:30,2026-01-10,00:03:30,0,2026-01-30 18:33:33,html/IPTeCA_20260110_000330_JST.html,480,21,457,11,258,12,128,7,145,7,176,8
IPTeCA_20260110_060606_JST.html,2026-01-10 06:06:06,2026-01-10,06:06:06,6,2026-01-30 18:33:33,html/IPTeCA_20260110_060606_JST.html,480,21,457,11,258,12,128,7,145,7,176,8
IPTeCA_20260110_131633_JST.html,2026-01-10 13:16:33,2026-01-10,13:16:33,13,2026-01-30 18:33:33,html/IPTeCA_20260110_131633_JST.html,480,21,457,11,258,12,128,7,145,7,176,8
IPTeCA_20260110_180545_JST.html,2026-01-10 18:05:45,2026-01-10,18:05:45,18,2026-01-30 18:33:33,html/IPTeCA_20260110_180545_JST.html,481,21,458,11,258,12,128,7,145,7,176,8
IPTeCA_20260111_000301_JST.html,2026-01-11 00:03:01,2026-01-11,00:03:01,0,2026-01-30 18:33:33,html/IPTeCA_20260111_000301_JST.html,481,21,458,11,258,12,128,7,145,7,176,8
IPTeCA_20260111_060452_JST.html,2026-01-11 06:04:52,2026-01-11,06:04:52,6,2026-01-30 18:33:33,html/IPTeCA_20260111_060452_JST.html,481,21,458,11,258,12,128,7,145,7,176,8
IPTeCA_20260111_132549_JST.html,2026-01-11 13:25:49,2026-01-11,13:25:49,13,2026-01-30 18:33:33,html/IPTeCA_20260111_132549_JST.html,481,21,458,11,258,12,128,7,145,7,176,8
IPTeCA_20260111_180551_JST.html,2026-01-11 18:05:51,2026-01-11,18:05:51,18,2026-01-30 18:33:33,html/IPTeCA_20260111_180551_JST.html,481,21,458,11,258,12,128,7,145,7,176,8
IPTeCA_20260112_000259_JST.html,2026-01-12 00:02:59,2026-01-12,00:02:59,0,2026-01-30 18:33:33,html/IPTeCA_20260112_000259_JST.html,481,21,458,11,258,12,128,7,145,7,176,8
IPTeCA_20260112_060523_JST.html,2026-01-12 06:05:23,2026-01-12,06:05:23,6,2026-01-30 18:33:33,html/IPTeCA_20260112_060523_JST.html,481,21,458,11,258,12,128,7,145,7,176,8
IPTeCA_20260112_132700_JST.html,2026-01-12 13:27:00,2026-01-12,13:27:00,13,2026-01-30 18:33:33,html/IPTeCA_20260112_132700_JST.html,481,21,458,11,258,12,128,7,145,7,176,8
IPTeCA_20260112_181037_JST.html,2026-01-12 18:10:37,2026-01-12,18:10:37,18,2026-01-30 18:33:33,html/IPTeCA_20260112_181037_JST.html,481,21,458,11,258,12,128,7,145,7,176,8
IPTeCA_20260113_000452_JST.html,2026-01-13 00:04:52,2026-01-13,00:04:52,0,2026-01-30 18:33:33,html/IPTeCA_20260113_000452_JST.html,481,21,458,11,258,12,128,7,145,7,176,8
IPTeCA_20260113_060616_JST.html,2026-01-13 06:06:16,2026-01-13,06:06:16,6,2026-01-30 18:33:33,html/IPTeCA_20260113_060616_JST.html,481,21,458,11,258,12,128,7,145,7,176,8
IPTeCA_20260113_132156_JST.html,2026-01-13 13:21:56,2026-01-13,13:21:56,13,2026-01-30 18:33:33,html/IPTeCA_20260113_132156_JST.html,481,21,458,11,259,12,128,7,145,7,176,8
IPTeCA_20260113_180856_JST.html,2026-01-13 18:08:56,2026-01-13,18:08:56,18,2026-01-30 18:33:33,html/IPTeCA_20260113_180856_JST.html,524,21,473,11,288,12,130,7,147,7,178,8
IPTeCA_20260114_000457_JST.html,2026-01-14 00:04:57,2026-01-14,00:04:57,0,2026-01-30 18:33:33,html/IPTeCA_20260114_000457_JST.html,530,21,479,11,290,12,130,7,148,7,178,8
IPTeCA_20260114_060604_JST.html,2026-01-14 06:06:04,2026-01-14,06:06:04,6,2026-01-30 18:33:33,html/IPTeCA_20260114_060604_JST.html,530,21,479,11,290,12,130,7,148,7,178,8
IPTeCA_20260114_132611_JST.html,2026-01-14 13:26:11,2026-01-14,13:26:11,13,2026-01-30 18:33:33,html/IPTeCA_20260114_132611_JST.html,531,21,481,11,290,12,130,7,148,7,179,8
IPTeCA_20260114_180938_JST.html,2026-01-14 18:09:38,2026-01-14,18:09:38,18,2026-01-30 18:33:33,html/IPTeCA_20260114_180938_JST.html,532,21,485,11,293,12,132,7,192,7,181,8
IPTeCA_20260115_000508_JST.html,2026-01-15 00:05:08,2026-01-15,00:05:08,0,2026-01-30 18:33:33,html/IPTeCA_20260115_000508_JST.html,532,21,485,11,293,12,132,7,193,7,181,8
IPTeCA_20260115_060611_JST.html,2026-01-15 06:06:11,2026-01-15,06:06:11,6,2026-01-30 18:33:33,html/IPTeCA_20260115_060611_JST.html,532,21,485,11,293,12,132,7,193,7,181,8
IPTeCA_20260115_132302_JST.html,2026-01-15 13:23:02,2026-01-15,13:23:02,13,2026-01-30 18:33:33,html/IPTeCA_20260115_132302_JST.html,532,21,485,11,293,12,132,7,193,7,181,8
IPTeCA_20260115_180853_JST.html,2026-01-15 18:08:53,2026-01-15,18:08:53,18,2026-01-30 18:33:33,html/IPTeCA_20260115_180853_JST.html,532,21,485,11,293,12,132,7,193,7,181,8
IPTeCA_20260116_000420_JST.html,2026-01-16 00:04:20,2026-01-16,00:04:20,0,2026-01-30 18:33:33,html/IPTeCA_20260116_000420_JST.html,532,21,485,11,293,12,132,7,193,7,181,8
IPTeCA_20260116_060551_JST.html,2026-01-16 06:05:51,2026-01-16,06:05:51,6,2026-01-30 18:33:33,html/IPTeCA_20260116_060551_JST.html,532,21,485,11,293,12,132,7,193,7,181,8
IPTeCA_20260116_132202_JST.html,2026-01-16 13:22:02,2026-01-16,13:22:02,13,2026-01-30 18:33:33,html/IPTeCA_20260116_132202_JST.html,532,21,485,11,293,12,132,7,193,7,181,8
IPTeCA_20260116_180802_JST.html,2026-01-16 18:08:02,2026-01-16,18:08:02,18,2026-01-30 18:33:33,html/IPTeCA_20260116_180802_JST.html,532,21,486,11,293,12,132,7,193,7,181,8
IPTeCA_20260117_000430_JST.html,2026-01-17 00:04:30,2026-01-17,00:04:30,0,2026-01-30 18:33:33,html/IPTeCA_20260117_000430_JST.html,532,21,486,11,294,12,132,7,193,7,182,8
IPTeCA_20260117_060603_JST.html,2026-01-17 06:06:03,2026-01-17,06:06:03,6,2026-01-30 18:33:33,html/IPTeCA_20260117_060603_JST.html,532,21,486,11,294,12,132,7,193,7,182,8
IPTeCA_20260117_131511_JST.html,2026-01-17 13:15:11,2026-01-17,13:15:11,13,2026-01-30 18:33:33,html/IPTeCA_20260117_131511_JST.html,532,21,486,11,294,12,132,7,193,7,182,8
IPTeCA_20260117_180539_JST.html,2026-01-17 18:05:39,2026-01-17,18:05:39,18,2026-01-30 18:33:33,html/IPTeCA_20260117_180539_JST.html,534,21,488,11,295,12,132,7,193,7,183,9
IPTeCA_20260118_000304_JST.html,2026-01-18 00:03:04,2026-01-18,00:03:04,0,2026-01-30 18:33:33,html/IPTeCA_20260118_000304_JST.html,534,21,488,11,295,12,132,7,193,7,183,9
IPTeCA_20260118_060443_JST.html,2026-01-18 06:04:43,2026-01-18,06:04:43,6,2026-01-30 18:33:33,html/IPTeCA_20260118_060443_JST.html,534,21,488,11,295,12,132,7,193,7,183,9
IPTeCA_20260118_132238_JST.html,2026-01-18 13:22:38,2026-01-18,13:22:38,13,2026-01-30 18:33:33,html/IPTeCA_20260118_132238_JST.html,534,21,488,11,295,12,132,7,193,7,183,9
IPTeCA_20260118_180550_JST.html,2026-01-18 18:05:50,2026-01-18,18:05:50,18,2026-01-30 18:33:33,html/IPTeCA_20260118_180550_JST.html,534,21,488,11,295,12,132,7,193,7,183,9
IPTeCA_20260119_000250_JST.html,2026-01-19 00:02:50,2026-01-19,00:02:50,0,2026-01-30 18:33:33,html/IPTeCA_20260119_000250_JST.html,534,21,488,11,296,12,132,7,193,7,183,9
IPTeCA_20260119_060520_JST.html,2026-01-19 06:05:20,2026-01-19,06:05:20,6,2026-01-30 18:33:33,html/IPTeCA_20260119_060520_JST.html,534,21,488,11,296,12,132,7,193,7,183,9
IPTeCA_20260119_132800_JST.html,2026-01-19 13:28:00,2026-01-19,13:28:00,13,2026-01-30 18:33:33,html/IPTeCA_20260119_132800_JST.html,534,21,488,11,296,12,132,7,193,7,183,9
IPTeCA_20260119_181144_JST.html,2026-01-19 18:11:44,2026-01-19,18:11:44,18,2026-01-30 18:33:33,html/IPTeCA_20260119_181144_JST.html,534,21,488,11,296,12,132,7,193,7,183,9
IPTeCA_20260120_000502_JST.html,2026-01-20 00:05:02,2026-01-20,00:05:02,0,2026-01-30 18:33:33,html/IPTeCA_20260120_000502_JST.html,534,21,488,11,296,12,132,7,193,7,183,9
IPTeCA_20260120_060545_JST.html,2026-01-20 06:05:45,2026-01-20,06:05:45,6,2026-01-30 18:33:33,html/IPTeCA_20260120_060545_JST.html,534,21,488,11,296,12,132,7,193,7,183,9
IPTeCA_20260120_132514_JST.html,2026-01-20 13:25:14,2026-01-20,13:25:14,13,2026-01-30 18:33:33,html/IPTeCA_20260120_132514_JST.html,534,21,488,11,296,12,132,7,193,7,183,9
IPTeCA_20260120_181117_JST.html,2026-01-20 18:11:17,2026-01-20,18:11:17,18,2026-01-30 18:33:33,html/IPTeCA_20260120_181117_JST.html,534,21,488,11,296,12,132,7,193,7,183,9
IPTeCA_20260121_000709_JST.html,2026-01-21 00:07:09,2026-01-21,00:07:09,0,2026-01-30 18:33:33,html/IPTeCA_20260121_000709_JST.html,534,21,488,11,296,12,132,7,193,7,183,9
IPTeCA_20260121_060652_JST.html,2026-01-21 06:06:52,2026-01-21,06:06:52,6,2026-01-30 18:33:33,html/IPTeCA_20260121_060652_JST.html,534,21,488,11,296,12,132,7,193,7,183,9
IPTeCA_20260121_132439_JST.html,2026-01-21 13:24:39,2026-01-21,13:24:39,13,2026-01-30 18:33:33,html/IPTeCA_20260121_132439_JST.html,534,21,488,11,296,12,132,7,193,7,183,9
IPTeCA_20260121_181019_JST.html,2026-01-21 18:10:19,2026-01-21,18:10:19,18,2026-01-30 18:33:33,html/IPTeCA_20260121_181019_JST.html,534,21,488,11,296,12,132,7,193,7,183,9
IPTeCA_20260122_000706_JST.html,2026-01-22 00:07:06,2026-01-22,00:07:06,0,2026-01-30 18:33:33,html/IPTeCA_20260122_000706_JST.html,534,21,488,11,296,12,132,7,193,7,183,9
IPTeCA_20260122_060952_JST.html,2026-01-22 06:09:52,2026-01-22,06:09:52,6,2026-01-30 18:33:33,html/IPTeCA_20260122_060952_JST.html,534,21,488,11,296,12,132,7,193,7,183,9
IPTeCA_20260122_132602_JST.html,2026-01-22 13:26:02,2026-01-22,13:26:02,13,2026-01-30 18:33:33,html/IPTeCA_20260122_132602_JST.html,534,21,488,11,296,12,132,7,193,7,183,9
IPTeCA_20260122_181113_JST.html,2026-01-22 18:11:13,2026-01-22,18:11:13,18,2026-01-30 18:33:33,html/IPTeCA_20260122_181113_JST.html,534,21,488,11,296,12,132,7,193,7,183,9
IPTeCA_20260123_000713_JST.html,2026-01-23 00:07:13,2026-01-23,00:07:13,0,2026-01-30 18:33:33,html/IPTeCA_20260123_000713_JST.html,534,21,488,11,296,12,132,7,193,7,183,9
IPTeCA_20260123_060658_JST.html,2026-01-23 06:06:58,2026-01-23,06:06:58,6,2026-01-30 18:33:33,html/IPTeCA_20260123_060658_JST.html,534,21,488,11,296,12,132,7,193,7,183,9
IPTeCA_20260123_132354_JST.html,2026-01-23 13:23:54,2026-01-23,13:23:54,13,2026-01-30 18:33:33,html/IPTeCA_20260123_132354_JST.html,534,21,488,11,296,12,132,7,193,7,183,9
IPTeCA_20260123_180939_JST.html,2026-01-23 18:09:39,2026-01-23,18:09:39,18,2026-01-30 18:33:33,html/IPTeCA_20260123_180939_JST.html,534,21,488,11,296,12,132,7,193,7,183,9
IPTeCA_20260124_000504_JST.html,2026-01-24 00:05:04,2026-01-24,00:05:04,0,2026-01-30 18:33:33,html/IPTeCA_20260124_000504_JST.html,534,21,491,11,322,12,132,7,193,7,187,10
IPTeCA_20260124_060533_JST.html,2026-01-24 06:05:33,2026-01-24,06:05:33,6,2026-01-30 18:33:33,html/IPTeCA_20260124_060533_JST.html,534,21,491,11,322,12,132,7,193,7,187,10
IPTeCA_20260124_131841_JST.html,2026-01-24 13:18:41,2026-01-24,13:18:41,13,2026-01-30 18:33:33,html/IPTeCA_20260124_131841_JST.html,534,21,491,11,322,12,132,7,193,7,187,10
IPTeCA_20260124_180543_JST.html,2026-01-24 18:05:43,2026-01-24,18:05:43,18,2026-01-30 18:33:33,html/IPTeCA_20260124_180543_JST.html,534,21,491,11,322,12,132,7,193,7,187,10
IPTeCA_20260125_000303_JST.html,2026-01-25 00:03:03,2026-01-25,00:03:03,0,2026-01-30 18:33:33,html/IPTeCA_20260125_000303_JST.html,534,21,491,11,322,12,132,7,193,7,187,10
IPTeCA_20260125_060456_JST.html,2026-01-25 06:04:56,2026-01-25,06:04:56,6,2026-01-30 18:33:33,html/IPTeCA_20260125_060456_JST.html,534,21,491,11,322,12,132,7,193,7,187,10
IPTeCA_20260125_132847_JST.html,2026-01-25 13:28:47,2026-01-25,13:28:47,13,2026-01-30 18:33:33,html/IPTeCA_20260125_132847_JST.html,534,21,491,11,322,12,132,7,193,7,187,10
IPTeCA_20260125_180609_JST.html,2026-01-25 18:06:09,2026-01-25,18:06:09,18,2026-01-30 18:33:33,html/IPTeCA_20260125_180609_JST.html,534,21,491,11,322,12,132,7,193,7,187,10
IPTeCA_20260126_000311_JST.html,2026-01-26 00:03:11,2026-01-26,00:03:11,0,2026-01-30 18:33:33,html/IPTeCA_20260126_000311_JST.html,534,21,491,11,322,12,132,7,193,7,187,10
IPTeCA_20260126_060529_JST.html,2026-01-26 06:05:29,2026-01-26,06:05:29,6,2026-01-30 18:33:33,html/IPTeCA_20260126_060529_JST.html,534,21,491,11,322,12,132,7,193,7,187,10
IPTeCA_20260126_133015_JST.html,2026-01-26 13:30:15,2026-01-26,13:30:15,13,2026-01-30 18:33:33,html/IPTeCA_20260126_133015_JST.html,534,21,491,11,322,12,132,7,193,7,187,10
IPTeCA_20260126_181155_JST.html,2026-01-26 18:11:55,2026-01-26,18:11:55,18,2026-01-30 18:33:33,html/IPTeCA_20260126_181155_JST.html,534,21,491,11,322,12,132,7,193,7,187,10
IPTeCA_20260127_000546_JST.html,2026-01-27 00:05:46,2026-01-27,00:05:46,0,2026-01-30 18:33:33,html/IPTeCA_20260127_000546_JST.html,534,21,491,11,322,12,132,7,193,7,187,10
IPTeCA_20260127_060717_JST.html,2026-01-27 06:07:17,2026-01-27,06:07:17,6,2026-01-30 18:33:33,html/IPTeCA_20260127_060717_JST.html,534,21,491,11,322,12,132,7,193,7,187,10
IPTeCA_20260127_132508_JST.html,2026-01-27 13:25:08,2026-01-27,13:25:08,13,2026-01-30 18:33:33,html/IPTeCA_20260127_132508_JST.html,534,21,491,11,322,12,132,7,193,7,187,10
IPTeCA_20260127_181049_JST.html,2026-01-27 18:10:49,2026-01-27,18:10:49,18,2026-01-30 18:33:33,html/IPTeCA_20260127_181049_JST.html,534,21,491,11,322,12,132,7,193,7,187,10
IPTeCA_20260128_000751_JST.html,2026-01-28 00:07:51,2026-01-28,00:07:51,0,2026-01-30 18:33:33,html/IPTeCA_20260128_000751_JST.html,534,21,491,11,322,12,132,7,193,7,187,10
IPTeCA_20260128_060451_JST.html,2026-01-28 06:04:51,2026-01-28,06:04:51,6,2026-01-30 18:33:33,html/IPTeCA_20260128_060451_JST.html,534,21,491,11,322,12,132,7,193,7,187,10
IPTeCA_20260128_132436_JST.html,2026-01-28 13:24:36,2026-01-28,13:24:36,13,2026-01-30 18:33:33,html/IPTeCA_20260128_132436_JST.html,534,21,491,11,322,12,132,7,193,7,187,10
IPTeCA_20260128_181152_JST.html,2026-01-28 18:11:52,2026-01-28,18:11:52,18,2026-01-30 18:33:33,html/IPTeCA_20260128_181152_JST.html,566,21,519,10,346,12,133,7,196,7,192,10
IPTeCA_20260129_000729_JST.html,2026-01-29 00:07:29,2026-01-29,00:07:29,0,2026-01-30 18:33:33,html/IPTeCA_20260129_000729_JST.html,566,21,519,10,346,12,133,7,196,7,192,10
IPTeCA_20260129_061005_JST.html,2026-01-29 06:10:05,2026-01-29,06:10:05,6,2026-01-30 18:33:33,html/IPTeCA_20260129_061005_JST.html,566,21,519,10,346,12,133,7,196,7,192,10
IPTeCA_20260129_133707_JST.html,2026-01-29 13:37:07,2026-01-29,13:37:07,13,2026-01-30 18:33:33,html/IPTeCA_20260129_133707_JST.html,567,21,520,11,346,12,133,7,199,7,192,10
IPTeCA_20260129_181605_JST.html,2026-01-29 18:16:05,2026-01-29,18:16:05,18,2026-01-30 18:33:33,html/IPTeCA_20260129_181605_JST.html,567,21,521,11,347,12,135,8,201,7,202,10
IPTeCA_20260130_001055_JST.html,2026-01-30 00:10:55,2026-01-30,00:10:55,0,2026-01-30 18:33:33,html/IPTeCA_20260130_001055_JST.html,624,21,582,11,353,12,145,8,208,7,212,10
IPTeCA_20260130_060802_JST.html,2026-01-30 06:08:02,2026-01-30,06:08:02,6,2026-01-30 18:33:33,html/IPTeCA_20260130_060802_JST.html,624,21,582,11,353,12,145,8,210,7,212,10
IPTeCA_20260130_133711_JST.html,2026-01-30 13:37:11,2026-01-30,13:37:11,13,2026-01-30 18:33:33,html/IPTeCA_20260130_133711_JST.html,624,21,584,11,354,12,146,8,211,7,213,10
IPTeCA_20260130_181451_JST.html,2026-01-30 18:14:51,2026-01-30,18:14:51,18,2026-01-30 18:33:33,html/IPTeCA_20260130_181451_JST.html,626,21,587,12,356,13,150,9,212,8,225,10
